profile,regime,is_target_regime,n_obs,q1_highest_return,q2_return,q3_return,q4_return,q5_lowest_return,spread_q1_minus_q5,spearman_ic,ols_slope,ols_t_stat,ols_p_value,is_statistically_significant,is_perfect_monotonic
Alpha Bull,Bull Market,True,41776,0.1891,0.1638,0.1601,0.1616,0.1492,0.04,0.013,0.001,2.35,0.0189292200066824,True,False
Alpha Bull,Bear Market,False,10501,0.0402,-0.0291,-0.0325,0.0111,-0.0241,0.0643,0.0081,0.0013,1.19,0.23344598411347683,False,False
Alpha Bull,Sideways / Choppy,False,3500,0.1648,0.044,0.0147,0.1772,0.3126,-0.1477,-0.062,-0.0044,-3.24,0.001196835328299839,True,False
Alpha Bull,Full Cycle,False,55777,0.1552,0.1221,0.117,0.1336,0.1273,0.0279,0.0061,0.0006,1.6,0.10959553836637359,False,False
Bear Market Shield,Bull Market,False,41776,0.1398,0.1456,0.1759,0.1837,0.1786,-0.0388,-0.0143,-0.0015,-3.56,0.0003748332762136819,True,False
Bear Market Shield,Bear Market,True,10501,0.0922,-0.024,-0.0808,-0.0244,0.0025,0.0897,0.0115,0.0024,2.18,0.029289209393568383,True,False
Bear Market Shield,Sideways / Choppy,False,3500,0.2864,0.1784,0.0544,0.0579,0.1362,0.1502,0.0664,0.0053,3.96,7.636952863143698e-05,True,False
Bear Market Shield,Full Cycle,False,55777,0.1382,0.116,0.1215,0.1364,0.1432,-0.005,-0.004,-0.0004,-0.93,0.3515205182781189,False,False
Fundamental Bag,Bull Market,False,41776,0.1405,0.1438,0.1782,0.1836,0.1776,-0.0371,-0.0144,-0.0015,-3.54,0.00040081057821472754,True,False
Fundamental Bag,Bear Market,True,10501,0.0946,-0.0218,-0.0882,-0.0211,0.0022,0.0924,0.0119,0.0024,2.2,0.027668305426494122,True,False
Fundamental Bag,Sideways / Choppy,False,3500,0.2875,0.1825,0.0452,0.0658,0.1325,0.155,0.0673,0.0053,3.96,7.420974930338886e-05,True,False
Fundamental Bag,Full Cycle,False,55777,0.1389,0.1165,0.12,0.1385,0.1414,-0.0026,-0.004,-0.0003,-0.9,0.3705183759001296,False,False
Dip Hunter,Bull Market,False,41776,0.1448,0.1663,0.1663,0.1707,0.1757,-0.0309,-0.0105,-0.0003,-0.83,0.40872863534113124,False,False
Dip Hunter,Bear Market,False,10501,0.0506,0.0288,-0.0067,0.0016,-0.1087,0.1592,0.0397,0.0041,3.75,0.00017855412844358654,True,False
Dip Hunter,Sideways / Choppy,True,3500,0.4259,0.205,0.1201,0.021,-0.0586,0.4845,0.1746,0.014,10.57,0.0,True,True
Dip Hunter,Full Cycle,False,55777,0.1435,0.1431,0.1311,0.1291,0.1085,0.0349,0.0098,0.0012,3.12,0.0017911374656358614,True,True
All-Weather Core,Bull Market,False,41776,0.1526,0.1486,0.1614,0.1543,0.2068,-0.0542,-0.0046,-0.0022,-5.16,2.4696838019089284e-07,True,False
All-Weather Core,Bear Market,False,10501,0.0532,-0.0305,-0.0442,-0.0643,0.0514,0.0018,0.0086,-0.002,-1.87,0.06119980884140652,False,False
All-Weather Core,Sideways / Choppy,False,3500,0.1661,0.049,0.039,0.1409,0.3185,-0.1524,-0.0493,-0.0044,-3.28,0.0010378073260284282,True,False
All-Weather Core,Full Cycle,True,55777,0.1259,0.1102,0.1201,0.1107,0.1883,-0.0624,-0.0081,-0.0026,-6.8,1.0787148951862946e-11,True,False
